{
    "سناریو تستی 2": {
        "roles": ["مافیا", "شهروند"],
        "min_players": 2
    },
    "پدرخوانده-نوسترا": {
        "roles": ["کنستانتین", "شهر ساده", "شهر ساده", "پدرخوانده", "لئون", "دکتر واتسون", "ماتادور", "نوستراداموس", "گودمن", "همشهری کین", "شهر ساده"],
        "min_players": 11
    },
    "پدرخوانده-جک": {
        "roles": ["کنستانتین", "شهر ساده", "شهر ساده", "پدرخوانده", "لئون", "دکتر واتسون", "ماتادور", "جک گنجیشکه", "گودمن", "همشهری", "شهر ساده"],
        "min_players": 11
    },
    "پدرخوانده-شرلوک": {
        "roles": ["کنستانتین", "شهر ساده", "شهر ساده", "پدرخوانده", "لئون", "دکتر واتسون", "ماتادور", "شرلوک", "گودمن", "همشهری کین", "شهر ساده"],
        "min_players": 11
    },
    "زودیاک": {
        "roles": ["شعبده باز", "تفنگدار", "شهر ساده", "اوشن", "محافظ", "حرفه ای", "آل کاپون", "بمب گذار", "دکتر", "کاراگاه", "شهر ساده", "زودیاک"],
        "min_players": 12
    },
    "کاپو": {
        "roles": ["کاراگاه", "شهر ساده", "جلاد", "وارث", "مظنون", "دن مافیا", "عطار", "زره ساز", "جادوگر", "شهر ساده"],
        "min_players": 10
    },
    "کلاسیک 13": {
        "roles": ["ماسون", "کابوی", "رئیس مافیا", "نوفیس", "دکتر", "خرابکار", "اسنایپر", "ساقی", "جاسوس", "کشیش", "تفنگدار", "ناتاشا", "روئین تن"],
        "min_players": 13
    },
    "کلاسیک 12": {
        "roles": ["ماسون", "کابوی", "رئیس مافیا", "دکتر", "خرابکار", "اسنایپر", "ساقی", "جاسوس", "کشیش", "تفنگدار", "ناتاشا", "روئین تن"],
        "min_players": 12
    },
    "قمار باز": {
        "roles": ["ماسون", "آهنگر", "قمار باز", "تفنگدار", "کابوی", "معشوقه", "شاهکش", "روان شناس", "عنکبوت", "تروریست", "عینک ساز"],
        "min_players": 11
    },
    "الکلاسیکو": {
        "roles": ["مورنو(تفنگدار)", "پابلو اسکوبار(پدرخوانده)", "دکتر بریجیت", "خوان(ماتادور)", "بناپارت(اوشن)", "شهروند ساده", "بلانکو(گودمن)", "مارتینز(حرفه‌ای)", "چاپلین", "چرچیل", "شهروند ساده"],
        "min_players": 11
    },
    "روسی 6": {
        "roles": ["شهروند", "شهروند", "مافیا", "شهروند", "مافیا", "شهروند"],
        "min_players": 6
    }
}
